{
    "Version": "2012-10-17",
    "Statement": [
        {
        "Effect": "Allow",
        "Action": [
            "lambda:InvokeFunction",
            "dynamodb:ListBackups",
            "dynamodb:RestoreTableFromBackup",
            "dynamodb:DescribeContinuousBackups",
            "dynamodb:CreateBackup",
            "dynamodb:DescribeBackup",
            "dynamodb:DeleteBackup"
        ],
        "Resource": [
            "*"
        ]
        },
        {
        "Effect": "Allow",
        "Action": [
            "logs:CreateLogGroup",
            "logs:CreateLogStream",
            "logs:PutLogEvents"
        ],
        "Resource": "arn:aws:logs:*:*:*"
        }
    ]
}