{
    "Version": "2012-10-17",
    "Statement": [
        {
            "Effect": "Allow",
            "Action": [
                "logs:CreateLogGroup",
                "logs:CreateLogStream",
                "logs:PutLogEvents",
                "ec2:CreateNetworkInterface",
                "ec2:DescribeNetworkInterfaces",
                "ec2:DeleteNetworkInterface",
                "dax:*"
            ],
            "Resource": "*"
        },
        {
            "Effect": "Allow",
            "Action": [
                "dynamodb:BatchGetItem",
                "dynamodb:GetItem",
                "dynamodb:Query",
                "dynamodb:Scan",
                "dynamodb:BatchWriteItem",
                "dynamodb:DeleteItem",
                "dynamodb:PutItem",
                "dynamodb:UpdateItem",
                "dynamodb:DescribeLimits",
                "dynamodb:DescribeTimeToLive",
                "dynamodb:DescribeTable",
                "dynamodb:ListTables"
            ],
            "Resource": [
                "arn:aws:dynamodb:us-west-2:034266542359:table/*"
            ]
        }
    ]
}